{
  "docs": {
    "Guides": ["index", "usage", "configuration", "learn", "v7-migration"],
    "Config Reference": [
      "config-files",
      "options",
      "presets",
      "plugins",
      "plugins-list",
      "assumptions"
    ],
    "Presets": [
      "babel-preset-env",
      "babel-preset-react",
      "babel-preset-typescript",
      "babel-preset-flow"
    ],
    "Misc": ["roadmap", "caveats", "features-timeline", "faq", "editors"],
    "Integration Packages": [
      "babel-cli",
      "babel-polyfill",
      "babel-plugin-transform-runtime",
      "babel-register",
      "babel-standalone"
    ],
    "Tooling Packages": [
      "babel-parser",
      "babel-core",
      "babel-generator",
      "babel-code-frame",
      "babel-runtime",
      "babel-template",
      "babel-traverse",
      "babel-types"
    ],
    "Helper Packages": [
      "babel-helper-compilation-targets",
      "babel-helper-module-imports"
    ]
  },
  "plugins": {
    "Extensions": [
      "babel-plugin-transform-react-jsx",
      "babel-plugin-transform-flow-strip-types",
      "babel-plugin-transform-typescript"
    ],
    "Modules": [
      "babel-plugin-transform-modules-amd",
      "babel-plugin-transform-modules-commonjs",
      "babel-plugin-transform-modules-systemjs",
      "babel-plugin-transform-modules-umd"
    ],
    "TC39 Proposals": [
      "babel-plugin-proposal-async-do-expressions",
      "babel-plugin-proposal-decorators",
      "babel-plugin-proposal-do-expressions",
      "babel-plugin-proposal-export-default-from",
      "babel-plugin-proposal-function-bind",
      "babel-plugin-proposal-function-sent",
      "babel-plugin-proposal-partial-application",
      "babel-plugin-proposal-pipeline-operator",
      "babel-plugin-proposal-private-methods",
      "babel-plugin-proposal-record-and-tuple",
      "babel-plugin-proposal-throw-expressions"
    ],
    "@babel/preset-env": [
      {
        "type": "subcategory",
        "label": "ES2022",
        "ids": [
          "babel-plugin-proposal-class-private-methods",
          "babel-plugin-proposal-class-properties",
          "babel-plugin-proposal-class-static-block",
          "babel-plugin-proposal-private-property-in-object",
          "babel-plugin-syntax-top-level-await"
        ]
      },
      {
        "type": "subcategory",
        "label": "ES2021",
        "ids": [
          "babel-plugin-proposal-logical-assignment-operators",
          "babel-plugin-proposal-numeric-separator"
        ]
      },
      {
        "type": "subcategory",
        "label": "ES2020",
        "ids": [
          "babel-plugin-proposal-export-namespace-from",
          "babel-plugin-proposal-nullish-coalescing-operator",
          "babel-plugin-proposal-optional-chaining",
          "babel-plugin-syntax-bigint",
          "babel-plugin-syntax-dynamic-import",
          "babel-plugin-syntax-import-meta"
        ]
      },
      {
        "type": "subcategory",
        "label": "ES2019",
        "ids": [
          "babel-plugin-proposal-optional-catch-binding",
          "babel-plugin-proposal-json-strings"
        ]
      },
      {
        "type": "subcategory",
        "label": "ES2018",
        "ids": [
          "babel-plugin-proposal-async-generator-functions",
          "babel-plugin-proposal-object-rest-spread",
          "babel-plugin-proposal-unicode-property-regex",
          "babel-plugin-transform-dotall-regex",
          "babel-plugin-transform-named-capturing-groups-regex"
        ]
      },
      {
        "type": "subcategory",
        "label": "ES2017",
        "ids": ["babel-plugin-transform-async-to-generator"]
      },
      {
        "type": "subcategory",
        "label": "ES2016",
        "ids": ["babel-plugin-transform-exponentiation-operator"]
      },
      {
        "type": "subcategory",
        "label": "ES2015",
        "ids": [
          "babel-plugin-transform-arrow-functions",
          "babel-plugin-transform-block-scoped",
          "babel-plugin-transform-block-scoping",
          "babel-plugin-transform-classes",
          "babel-plugin-transform-computed-properties",
          "babel-plugin-transform-destructuring",
          "babel-plugin-transform-duplicate-keys",
          "babel-plugin-transform-for-of",
          "babel-plugin-transform-function-name",
          "babel-plugin-transform-instanceof",
          "babel-plugin-transform-literals",
          "babel-plugin-transform-new-target",
          "babel-plugin-transform-object-super",
          "babel-plugin-transform-parameters",
          "babel-plugin-transform-shorthand-properties",
          "babel-plugin-transform-spread",
          "babel-plugin-transform-sticky-regex",
          "babel-plugin-transform-template-literals",
          "babel-plugin-transform-typeof-symbol",
          "babel-plugin-transform-unicode-escapes",
          "babel-plugin-transform-unicode-regex"
        ]
      },
      {
        "type": "subcategory",
        "label": "ES5",
        "ids": ["babel-plugin-transform-property-mutators"]
      },
      {
        "type": "subcategory",
        "label": "ES3",
        "ids": [
          "babel-plugin-transform-member-expression-literals",
          "babel-plugin-transform-property-literals",
          "babel-plugin-transform-reserved-words"
        ]
      }
    ]
  }
}
